0,1400000US36005000200
1,1400000US36005000400
2,1400000US36005001600
3,1400000US36005002000
4,1400000US36005002300
5,1400000US36005002500
6,1400000US36005002701
7,1400000US36005002702
8,1400000US36005002800
9,1400000US36005003100
10,1400000US36005003300
11,1400000US36005003500
12,1400000US36005003700
13,1400000US36005003800
14,1400000US36005003900
15,1400000US36005004001
16,1400000US36005004100
17,1400000US36005004300
18,1400000US36005004400
19,1400000US36005004600
20,1400000US36005004800
21,1400000US36005005200
22,1400000US36005005400
23,1400000US36005005600
24,1400000US36005005902
25,1400000US36005006000
26,1400000US36005006100
27,1400000US36005006200
28,1400000US36005006400
29,1400000US36005006500
30,1400000US36005006700
31,1400000US36005006800
32,1400000US36005006900
33,1400000US36005007000
34,1400000US36005007100
35,1400000US36005007200
36,1400000US36005007300
37,1400000US36005007400
38,1400000US36005007500
39,1400000US36005007700
40,1400000US36005007800
41,1400000US36005007900
42,1400000US36005008300
43,1400000US36005008400
44,1400000US36005008500
45,1400000US36005008600
46,1400000US36005008700
47,1400000US36005008900
48,1400000US36005009200
49,1400000US36005009800
50,1400000US36005011000
51,1400000US36005011502
52,1400000US36005011800
53,1400000US36005011900
54,1400000US36005012101
55,1400000US36005012102
56,1400000US36005012300
57,1400000US36005012500
58,1400000US36005012701
59,1400000US36005012901
60,1400000US36005013000
61,1400000US36005013100
62,1400000US36005013200
63,1400000US36005013300
64,1400000US36005013500
65,1400000US36005013800
66,1400000US36005014100
67,1400000US36005014300
68,1400000US36005014400
69,1400000US36005014500
70,1400000US36005014900
71,1400000US36005015100
72,1400000US36005015300
73,1400000US36005015500
74,1400000US36005015700
75,1400000US36005015800
76,1400000US36005016000
77,1400000US36005016100
78,1400000US36005016200
79,1400000US36005016400
80,1400000US36005016500
81,1400000US36005016600
82,1400000US36005016700
83,1400000US36005016900
84,1400000US36005017300
85,1400000US36005017500
86,1400000US36005018400
87,1400000US36005018900
88,1400000US36005019300
89,1400000US36005019400
90,1400000US36005019500
91,1400000US36005019700
92,1400000US36005019900
93,1400000US36005020100
94,1400000US36005020200
95,1400000US36005020400
96,1400000US36005020601
97,1400000US36005021100
98,1400000US36005021200
99,1400000US36005021301
100,1400000US36005021302
101,1400000US36005021501
102,1400000US36005021502
103,1400000US36005021601
104,1400000US36005021602
105,1400000US36005021800
106,1400000US36005021900
107,1400000US36005022000
108,1400000US36005022300
109,1400000US36005022401
110,1400000US36005022500
111,1400000US36005022701
112,1400000US36005022702
113,1400000US36005022703
114,1400000US36005022800
115,1400000US36005022901
116,1400000US36005022902
117,1400000US36005023000
118,1400000US36005023100
119,1400000US36005023200
120,1400000US36005023301
121,1400000US36005023302
122,1400000US36005023501
123,1400000US36005023502
124,1400000US36005023600
125,1400000US36005023702
126,1400000US36005023900
127,1400000US36005024000
128,1400000US36005024100
129,1400000US36005024300
130,1400000US36005024400
131,1400000US36005024600
132,1400000US36005024700
133,1400000US36005024800
134,1400000US36005024900
135,1400000US36005025000
136,1400000US36005025100
137,1400000US36005025200
138,1400000US36005025300
139,1400000US36005025400
140,1400000US36005025500
141,1400000US36005025600
142,1400000US36005025700
143,1400000US36005026100
144,1400000US36005026300
145,1400000US36005026400
146,1400000US36005026500
147,1400000US36005026601
148,1400000US36005026602
149,1400000US36005026900
150,1400000US36005027300
151,1400000US36005027600
152,1400000US36005027700
153,1400000US36005027900
154,1400000US36005028100
155,1400000US36005028300
156,1400000US36005028400
157,1400000US36005028500
158,1400000US36005028600
159,1400000US36005028700
160,1400000US36005028800
161,1400000US36005028900
162,1400000US36005029500
163,1400000US36005029600
164,1400000US36005029700
165,1400000US36005030000
166,1400000US36005030100
167,1400000US36005030200
168,1400000US36005031000
169,1400000US36005031200
170,1400000US36005031400
171,1400000US36005031600
172,1400000US36005031800
173,1400000US36005031900
174,1400000US36005032300
175,1400000US36005032400
176,1400000US36005032800
177,1400000US36005033000
178,1400000US36005033400
179,1400000US36005033600
180,1400000US36005033800
181,1400000US36005034000
182,1400000US36005034200
183,1400000US36005034300
184,1400000US36005034400
185,1400000US36005034500
186,1400000US36005035000
187,1400000US36005035100
188,1400000US36005035600
189,1400000US36005035800
190,1400000US36005035900
191,1400000US36005036100
192,1400000US36005036300
193,1400000US36005036400
194,1400000US36005036501
195,1400000US36005036502
196,1400000US36005036700
197,1400000US36005036800
198,1400000US36005036901
199,1400000US36005036902
200,1400000US36005037000
201,1400000US36005037100
202,1400000US36005037200
203,1400000US36005037300
204,1400000US36005037400
205,1400000US36005037600
206,1400000US36005037800
207,1400000US36005037900
208,1400000US36005038000
209,1400000US36005038100
210,1400000US36005038200
211,1400000US36005038500
212,1400000US36005038600
213,1400000US36005038700
214,1400000US36005038800
215,1400000US36005038900
216,1400000US36005039000
217,1400000US36005039100
218,1400000US36005039200
219,1400000US36005039300
220,1400000US36005039400
221,1400000US36005039600
222,1400000US36005039700
223,1400000US36005039800
224,1400000US36005039901
225,1400000US36005039902
226,1400000US36005040100
227,1400000US36005040302
228,1400000US36005040400
229,1400000US36005040600
230,1400000US36005040701
231,1400000US36005040702
232,1400000US36005040800
233,1400000US36005040900
234,1400000US36005041100
235,1400000US36005041300
236,1400000US36005041400
237,1400000US36005041500
238,1400000US36005041800
239,1400000US36005041900
240,1400000US36005042000
241,1400000US36005042100
242,1400000US36005042200
243,1400000US36005042300
244,1400000US36005042400
245,1400000US36005042500
246,1400000US36005042600
247,1400000US36005042800
248,1400000US36005042901
249,1400000US36005042902
250,1400000US36005043000
251,1400000US36005043100
252,1400000US36005043500
253,1400000US36005043600
254,1400000US36005044200
255,1400000US36005044800
256,1400000US36005044901
257,1400000US36005044902
258,1400000US36005045101
259,1400000US36005045102
260,1400000US36005045800
261,1400000US36005046000
262,1400000US36005046201
263,1400000US36005046202
264,1400000US36005048400
265,1400000US36005051600
266,1400000US36047000100
267,1400000US36047000200
268,1400000US36047000301
269,1400000US36047000700
270,1400000US36047000900
271,1400000US36047001100
272,1400000US36047001300
273,1400000US36047002000
274,1400000US36047002100
275,1400000US36047002200
276,1400000US36047002300
277,1400000US36047002901
278,1400000US36047003000
279,1400000US36047003100
280,1400000US36047003300
281,1400000US36047003400
282,1400000US36047003500
283,1400000US36047003600
284,1400000US36047003700
285,1400000US36047003800
286,1400000US36047003900
287,1400000US36047004100
288,1400000US36047004300
289,1400000US36047004500
290,1400000US36047004600
291,1400000US36047004700
292,1400000US36047004900
293,1400000US36047005000
294,1400000US36047005100
295,1400000US36047005201
296,1400000US36047005202
297,1400000US36047005400
298,1400000US36047005601
299,1400000US36047005602
300,1400000US36047005800
301,1400000US36047005900
302,1400000US36047006000
303,1400000US36047006200
304,1400000US36047006300
305,1400000US36047006400
306,1400000US36047006500
307,1400000US36047006600
308,1400000US36047006700
309,1400000US36047006800
310,1400000US36047006900
311,1400000US36047007000
312,1400000US36047007100
313,1400000US36047007200
314,1400000US36047007400
315,1400000US36047007500
316,1400000US36047007600
317,1400000US36047007700
318,1400000US36047007800
319,1400000US36047008000
320,1400000US36047008200
321,1400000US36047008400
322,1400000US36047008500
323,1400000US36047008800
324,1400000US36047009000
325,1400000US36047009200
326,1400000US36047009400
327,1400000US36047009600
328,1400000US36047009800
329,1400000US36047010000
330,1400000US36047010100
331,1400000US36047010200
332,1400000US36047010400
333,1400000US36047010600
334,1400000US36047010800
335,1400000US36047011000
336,1400000US36047011200
337,1400000US36047011400
338,1400000US36047011600
339,1400000US36047011700
340,1400000US36047011800
341,1400000US36047012000
342,1400000US36047012100
343,1400000US36047012200
344,1400000US36047012700
345,1400000US36047012801
346,1400000US36047012901
347,1400000US36047012902
348,1400000US36047013000
349,1400000US36047013100
350,1400000US36047013200
351,1400000US36047013300
352,1400000US36047013400
353,1400000US36047013500
354,1400000US36047013600
355,1400000US36047013700
356,1400000US36047013800
357,1400000US36047013900
358,1400000US36047014000
359,1400000US36047014100
360,1400000US36047014200
361,1400000US36047014300
362,1400000US36047014500
363,1400000US36047014700
364,1400000US36047014800
365,1400000US36047014900
366,1400000US36047015000
367,1400000US36047015100
368,1400000US36047015300
369,1400000US36047015500
370,1400000US36047015700
371,1400000US36047015900
372,1400000US36047016000
373,1400000US36047016100
374,1400000US36047016200
375,1400000US36047016300
376,1400000US36047016400
377,1400000US36047016500
378,1400000US36047016700
379,1400000US36047016800
380,1400000US36047016900
381,1400000US36047017000
382,1400000US36047017100
383,1400000US36047017200
384,1400000US36047017400
385,1400000US36047017500
386,1400000US36047017600
387,1400000US36047017800
388,1400000US36047017900
389,1400000US36047018000
390,1400000US36047018100
391,1400000US36047018200
392,1400000US36047018300
393,1400000US36047018400
394,1400000US36047018501
395,1400000US36047018600
396,1400000US36047018700
397,1400000US36047018800
398,1400000US36047019000
399,1400000US36047019100
400,1400000US36047019200
401,1400000US36047019300
402,1400000US36047019400
403,1400000US36047019500
404,1400000US36047019600
405,1400000US36047019700
406,1400000US36047019800
407,1400000US36047019900
408,1400000US36047020000
409,1400000US36047020100
410,1400000US36047020200
411,1400000US36047020300
412,1400000US36047020400
413,1400000US36047020500
414,1400000US36047020600
415,1400000US36047020700
416,1400000US36047020800
417,1400000US36047021000
418,1400000US36047021200
419,1400000US36047021300
420,1400000US36047021400
421,1400000US36047021500
422,1400000US36047021600
423,1400000US36047021700
424,1400000US36047021800
425,1400000US36047021900
426,1400000US36047022000
427,1400000US36047022100
428,1400000US36047022200
429,1400000US36047022400
430,1400000US36047022600
431,1400000US36047022700
432,1400000US36047022800
433,1400000US36047022900
434,1400000US36047023000
435,1400000US36047023100
436,1400000US36047023200
437,1400000US36047023300
438,1400000US36047023400
439,1400000US36047023500
440,1400000US36047023600
441,1400000US36047023800
442,1400000US36047024000
443,1400000US36047024100
444,1400000US36047024200
445,1400000US36047024300
446,1400000US36047024400
447,1400000US36047024500
448,1400000US36047024600
449,1400000US36047024700
450,1400000US36047024800
451,1400000US36047024900
452,1400000US36047025000
453,1400000US36047025100
454,1400000US36047025200
455,1400000US36047025300
456,1400000US36047025400
457,1400000US36047025500
458,1400000US36047025600
459,1400000US36047025700
460,1400000US36047025800
461,1400000US36047025901
462,1400000US36047025902
463,1400000US36047026000
464,1400000US36047026100
465,1400000US36047026200
466,1400000US36047026300
467,1400000US36047026400
468,1400000US36047026500
469,1400000US36047026600
470,1400000US36047026700
471,1400000US36047026800
472,1400000US36047026900
473,1400000US36047027000
474,1400000US36047027200
475,1400000US36047027300
476,1400000US36047027400
477,1400000US36047027500
478,1400000US36047027600
479,1400000US36047027700
480,1400000US36047027800
481,1400000US36047027900
482,1400000US36047028000
483,1400000US36047028100
484,1400000US36047028200
485,1400000US36047028300
486,1400000US36047028400
487,1400000US36047028501
488,1400000US36047028502
489,1400000US36047028600
490,1400000US36047028700
491,1400000US36047028800
492,1400000US36047028900
493,1400000US36047029000
494,1400000US36047029100
495,1400000US36047029200
496,1400000US36047029300
497,1400000US36047029400
498,1400000US36047029500
499,1400000US36047029600
500,1400000US36047029700
501,1400000US36047029800
502,1400000US36047029900
503,1400000US36047030000
504,1400000US36047030100
505,1400000US36047030200
506,1400000US36047030300
507,1400000US36047030400
508,1400000US36047030600
509,1400000US36047030700
510,1400000US36047030800
511,1400000US36047030900
512,1400000US36047031100
513,1400000US36047031300
514,1400000US36047031400
515,1400000US36047031500
516,1400000US36047031701
517,1400000US36047031702
518,1400000US36047031900
519,1400000US36047032100
520,1400000US36047032300
521,1400000US36047032500
522,1400000US36047032600
523,1400000US36047032700
524,1400000US36047032800
525,1400000US36047032900
526,1400000US36047033000
527,1400000US36047033100
528,1400000US36047033300
529,1400000US36047033500
530,1400000US36047033600
531,1400000US36047033700
532,1400000US36047033900
533,1400000US36047034000
534,1400000US36047034100
535,1400000US36047034200
536,1400000US36047034300
537,1400000US36047034500
538,1400000US36047034700
539,1400000US36047034900
540,1400000US36047035000
541,1400000US36047035100
542,1400000US36047035200
543,1400000US36047035300
544,1400000US36047035400
545,1400000US36047035500
546,1400000US36047035700
547,1400000US36047035900
548,1400000US36047036001
549,1400000US36047036002
550,1400000US36047036100
551,1400000US36047036200
552,1400000US36047036300
553,1400000US36047036400
554,1400000US36047036501
555,1400000US36047036502
556,1400000US36047036600
557,1400000US36047036700
558,1400000US36047036900
559,1400000US36047037000
560,1400000US36047037100
561,1400000US36047037300
562,1400000US36047037500
563,1400000US36047037700
564,1400000US36047037900
565,1400000US36047038100
566,1400000US36047038200
567,1400000US36047038300
568,1400000US36047038500
569,1400000US36047038600
570,1400000US36047038700
571,1400000US36047038800
572,1400000US36047038900
573,1400000US36047039000
574,1400000US36047039100
575,1400000US36047039200
576,1400000US36047039300
577,1400000US36047039400
578,1400000US36047039500
579,1400000US36047039600
580,1400000US36047039700
581,1400000US36047039800
582,1400000US36047039900
583,1400000US36047040000
584,1400000US36047040100
585,1400000US36047040200
586,1400000US36047040300
587,1400000US36047040400
588,1400000US36047040500
589,1400000US36047040600
590,1400000US36047040800
591,1400000US36047040900
592,1400000US36047041000
593,1400000US36047041100
594,1400000US36047041200
595,1400000US36047041300
596,1400000US36047041401
597,1400000US36047041402
598,1400000US36047041500
599,1400000US36047041600
600,1400000US36047041700
601,1400000US36047041800
602,1400000US36047041900
603,1400000US36047042000
604,1400000US36047042100
605,1400000US36047042200
606,1400000US36047042300
607,1400000US36047042400
608,1400000US36047042500
609,1400000US36047042600
610,1400000US36047042700
611,1400000US36047042800
612,1400000US36047042900
613,1400000US36047043000
614,1400000US36047043100
615,1400000US36047043200
616,1400000US36047043300
617,1400000US36047043400
618,1400000US36047043500
619,1400000US36047043600
620,1400000US36047043700
621,1400000US36047043800
622,1400000US36047043900
623,1400000US36047044000
624,1400000US36047044100
625,1400000US36047044200
626,1400000US36047044300
627,1400000US36047044400
628,1400000US36047044500
629,1400000US36047044600
630,1400000US36047044700
631,1400000US36047044800
632,1400000US36047045000
633,1400000US36047045200
634,1400000US36047045300
635,1400000US36047045400
636,1400000US36047045600
637,1400000US36047045800
638,1400000US36047046201
639,1400000US36047046202
640,1400000US36047046400
641,1400000US36047046800
642,1400000US36047047000
643,1400000US36047047200
644,1400000US36047047400
645,1400000US36047047600
646,1400000US36047047700
647,1400000US36047047800
648,1400000US36047048000
649,1400000US36047048100
650,1400000US36047048200
651,1400000US36047048400
652,1400000US36047048600
653,1400000US36047048800
654,1400000US36047048900
655,1400000US36047049000
656,1400000US36047049100
657,1400000US36047049200
658,1400000US36047049300
659,1400000US36047049400
660,1400000US36047049500
661,1400000US36047049600
662,1400000US36047049700
663,1400000US36047049800
664,1400000US36047049900
665,1400000US36047050000
666,1400000US36047050100
667,1400000US36047050202
668,1400000US36047050300
669,1400000US36047050400
670,1400000US36047050500
671,1400000US36047050600
672,1400000US36047050700
673,1400000US36047050900
674,1400000US36047051100
675,1400000US36047051200
676,1400000US36047051300
677,1400000US36047051400
678,1400000US36047051500
679,1400000US36047051700
680,1400000US36047051800
681,1400000US36047051900
682,1400000US36047052000
683,1400000US36047052300
684,1400000US36047052500
685,1400000US36047052600
686,1400000US36047052700
687,1400000US36047052800
688,1400000US36047052900
689,1400000US36047053000
690,1400000US36047053100
691,1400000US36047053200
692,1400000US36047053300
693,1400000US36047053400
694,1400000US36047053500
695,1400000US36047053700
696,1400000US36047053800
697,1400000US36047053900
698,1400000US36047054200
699,1400000US36047054400
700,1400000US36047054500
701,1400000US36047054600
702,1400000US36047054700
703,1400000US36047054800
704,1400000US36047054900
705,1400000US36047055000
706,1400000US36047055100
707,1400000US36047055200
708,1400000US36047055300
709,1400000US36047055400
710,1400000US36047055500
711,1400000US36047055600
712,1400000US36047055700
713,1400000US36047055800
714,1400000US36047056000
715,1400000US36047056200
716,1400000US36047056300
717,1400000US36047056400
718,1400000US36047056500
719,1400000US36047056600
720,1400000US36047056800
721,1400000US36047056900
722,1400000US36047057000
723,1400000US36047057100
724,1400000US36047057200
725,1400000US36047057300
726,1400000US36047057400
727,1400000US36047057500
728,1400000US36047057600
729,1400000US36047057800
730,1400000US36047057900
731,1400000US36047058000
732,1400000US36047058200
733,1400000US36047058400
734,1400000US36047058600
735,1400000US36047058800
736,1400000US36047058900
737,1400000US36047059000
738,1400000US36047059100
739,1400000US36047059200
740,1400000US36047059300
741,1400000US36047059401
742,1400000US36047059402
743,1400000US36047059600
744,1400000US36047059800
745,1400000US36047060000
746,1400000US36047060600
747,1400000US36047060800
748,1400000US36047061002
749,1400000US36047061200
750,1400000US36047061600
751,1400000US36047062200
752,1400000US36047062600
753,1400000US36047062800
754,1400000US36047063200
755,1400000US36047063600
756,1400000US36047063800
757,1400000US36047064000
758,1400000US36047064200
759,1400000US36047064400
760,1400000US36047064600
761,1400000US36047064800
762,1400000US36047065000
763,1400000US36047065200
764,1400000US36047065400
765,1400000US36047065600
766,1400000US36047065800
767,1400000US36047066000
768,1400000US36047066200
769,1400000US36047067000
770,1400000US36047067200
771,1400000US36047067400
772,1400000US36047067600
773,1400000US36047067800
774,1400000US36047068000
775,1400000US36047068200
776,1400000US36047068600
777,1400000US36047068800
778,1400000US36047069000
779,1400000US36047069200
780,1400000US36047069800
781,1400000US36047070000
782,1400000US36047070201
783,1400000US36047070202
784,1400000US36047070600
785,1400000US36047072000
786,1400000US36047072200
787,1400000US36047072400
788,1400000US36047072600
789,1400000US36047072800
790,1400000US36047073000
791,1400000US36047073200
792,1400000US36047073400
793,1400000US36047073600
794,1400000US36047073800
795,1400000US36047074000
796,1400000US36047074200
797,1400000US36047074400
798,1400000US36047074600
799,1400000US36047074800
800,1400000US36047075000
801,1400000US36047075200
802,1400000US36047075400
803,1400000US36047075600
804,1400000US36047075800
805,1400000US36047076000
806,1400000US36047076200
807,1400000US36047076400
808,1400000US36047076600
809,1400000US36047077000
810,1400000US36047077200
811,1400000US36047077400
812,1400000US36047077600
813,1400000US36047078000
814,1400000US36047078200
815,1400000US36047078400
816,1400000US36047078600
817,1400000US36047078800
818,1400000US36047079000
819,1400000US36047079200
820,1400000US36047079400
821,1400000US36047080000
822,1400000US36047080200
823,1400000US36047080400
824,1400000US36047080600
825,1400000US36047081000
826,1400000US36047081400
827,1400000US36047081600
828,1400000US36047081800
829,1400000US36047082000
830,1400000US36047082200
831,1400000US36047082400
832,1400000US36047082600
833,1400000US36047082800
834,1400000US36047083000
835,1400000US36047083200
836,1400000US36047083400
837,1400000US36047083600
838,1400000US36047083800
839,1400000US36047084000
840,1400000US36047084600
841,1400000US36047084800
842,1400000US36047085000
843,1400000US36047085400
844,1400000US36047085600
845,1400000US36047085800
846,1400000US36047086000
847,1400000US36047086200
848,1400000US36047086400
849,1400000US36047086600
850,1400000US36047086800
851,1400000US36047087000
852,1400000US36047087200
853,1400000US36047087401
854,1400000US36047087600
855,1400000US36047087800
856,1400000US36047088000
857,1400000US36047088200
858,1400000US36047088400
859,1400000US36047088600
860,1400000US36047088800
861,1400000US36047089000
862,1400000US36047089200
863,1400000US36047089400
864,1400000US36047089600
865,1400000US36047089800
866,1400000US36047090000
867,1400000US36047090200
868,1400000US36047090600
869,1400000US36047090800
870,1400000US36047091000
871,1400000US36047091200
872,1400000US36047091600
873,1400000US36047091800
874,1400000US36047092000
875,1400000US36047092200
876,1400000US36047092800
877,1400000US36047093000
878,1400000US36047093400
879,1400000US36047093600
880,1400000US36047093800
881,1400000US36047094401
882,1400000US36047094402
883,1400000US36047095000
884,1400000US36047095400
885,1400000US36047095600
886,1400000US36047095800
887,1400000US36047096200
888,1400000US36047096400
889,1400000US36047096600
890,1400000US36047096800
891,1400000US36047097000
892,1400000US36047097400
893,1400000US36047098200
894,1400000US36047098400
895,1400000US36047098600
896,1400000US36047098800
897,1400000US36047099000
898,1400000US36047099200
899,1400000US36047099400
900,1400000US36047099600
901,1400000US36047099800
902,1400000US36047100400
903,1400000US36047100600
904,1400000US36047100800
905,1400000US36047101000
906,1400000US36047101200
907,1400000US36047101400
908,1400000US36047101600
909,1400000US36047101800
910,1400000US36047102000
911,1400000US36047102200
912,1400000US36047102400
913,1400000US36047102600
914,1400000US36047102800
915,1400000US36047103400
916,1400000US36047107800
917,1400000US36047109800
918,1400000US36047110600
919,1400000US36047111000
920,1400000US36047111800
921,1400000US36047112000
922,1400000US36047112200
923,1400000US36047112400
924,1400000US36047112600
925,1400000US36047112800
926,1400000US36047113000
927,1400000US36047113200
928,1400000US36047113400
929,1400000US36047114201
930,1400000US36047114202
931,1400000US36047114600
932,1400000US36047115000
933,1400000US36047115200
934,1400000US36047115600
935,1400000US36047115800
936,1400000US36047116000
937,1400000US36047116200
938,1400000US36047116400
939,1400000US36047116600
940,1400000US36047116800
941,1400000US36047117000
942,1400000US36047117201
943,1400000US36047117202
944,1400000US36047117400
945,1400000US36047117601
946,1400000US36047117602
947,1400000US36047117800
948,1400000US36047118201
949,1400000US36047118202
950,1400000US36047118400
951,1400000US36047118600
952,1400000US36047118800
953,1400000US36047119000
954,1400000US36047119200
955,1400000US36047119400
956,1400000US36047119600
957,1400000US36047120000
958,1400000US36047120200
959,1400000US36047120800
960,1400000US36047121000
961,1400000US36047121400
962,1400000US36047122000
963,1400000US36061000201
964,1400000US36061000202
965,1400000US36061000600
966,1400000US36061000700
967,1400000US36061000800
968,1400000US36061000900
969,1400000US36061001001
970,1400000US36061001002
971,1400000US36061001200
972,1400000US36061001300
973,1400000US36061001401
974,1400000US36061001402
975,1400000US36061001501
976,1400000US36061001502
977,1400000US36061001600
978,1400000US36061001800
979,1400000US36061002000
980,1400000US36061002100
981,1400000US36061002201
982,1400000US36061002202
983,1400000US36061002400
984,1400000US36061002500
985,1400000US36061002601
986,1400000US36061002602
987,1400000US36061002700
988,1400000US36061002800
989,1400000US36061002900
990,1400000US36061003001
991,1400000US36061003002
992,1400000US36061003100
993,1400000US36061003200
994,1400000US36061003300
995,1400000US36061003400
996,1400000US36061003601
997,1400000US36061003602
998,1400000US36061003800
999,1400000US36061003900
1000,1400000US36061004000
1001,1400000US36061004100
1002,1400000US36061004200
1003,1400000US36061004300
1004,1400000US36061004500
1005,1400000US36061004700
1006,1400000US36061004800
1007,1400000US36061004900
1008,1400000US36061005000
1009,1400000US36061005200
1010,1400000US36061005400
1011,1400000US36061005501
1012,1400000US36061005502
1013,1400000US36061005600
1014,1400000US36061005700
1015,1400000US36061005800
1016,1400000US36061005900
1017,1400000US36061006000
1018,1400000US36061006100
1019,1400000US36061006200
1020,1400000US36061006300
1021,1400000US36061006400
1022,1400000US36061006500
1023,1400000US36061006600
1024,1400000US36061006700
1025,1400000US36061006800
1026,1400000US36061006900
1027,1400000US36061007000
1028,1400000US36061007100
1029,1400000US36061007200
1030,1400000US36061007300
1031,1400000US36061007400
1032,1400000US36061007500
1033,1400000US36061007600
1034,1400000US36061007700
1035,1400000US36061007800
1036,1400000US36061007900
1037,1400000US36061008000
1038,1400000US36061008100
1039,1400000US36061008200
1040,1400000US36061008300
1041,1400000US36061008400
1042,1400000US36061008700
1043,1400000US36061008800
1044,1400000US36061008900
1045,1400000US36061009000
1046,1400000US36061009100
1047,1400000US36061009200
1048,1400000US36061009300
1049,1400000US36061009400
1050,1400000US36061009500
1051,1400000US36061009600
1052,1400000US36061009700
1053,1400000US36061009800
1054,1400000US36061009900
1055,1400000US36061010000
1056,1400000US36061010100
1057,1400000US36061010200
1058,1400000US36061010300
1059,1400000US36061010400
1060,1400000US36061010601
1061,1400000US36061010602
1062,1400000US36061010800
1063,1400000US36061010900
1064,1400000US36061011000
1065,1400000US36061011100
1066,1400000US36061011201
1067,1400000US36061011202
1068,1400000US36061011203
1069,1400000US36061011300
1070,1400000US36061011401
1071,1400000US36061011402
1072,1400000US36061011500
1073,1400000US36061011600
1074,1400000US36061011700
1075,1400000US36061011800
1076,1400000US36061011900
1077,1400000US36061012000
1078,1400000US36061012100
1079,1400000US36061012200
1080,1400000US36061012400
1081,1400000US36061012500
1082,1400000US36061012600
1083,1400000US36061012700
1084,1400000US36061012800
1085,1400000US36061012900
1086,1400000US36061013000
1087,1400000US36061013100
1088,1400000US36061013200
1089,1400000US36061013300
1090,1400000US36061013400
1091,1400000US36061013500
1092,1400000US36061013600
1093,1400000US36061013700
1094,1400000US36061013800
1095,1400000US36061013900
1096,1400000US36061014000
1097,1400000US36061014200
1098,1400000US36061014401
1099,1400000US36061014402
1100,1400000US36061014500
1101,1400000US36061014601
1102,1400000US36061014602
1103,1400000US36061014700
1104,1400000US36061014801
1105,1400000US36061014802
1106,1400000US36061014900
1107,1400000US36061015001
1108,1400000US36061015002
1109,1400000US36061015100
1110,1400000US36061015200
1111,1400000US36061015300
1112,1400000US36061015400
1113,1400000US36061015500
1114,1400000US36061015601
1115,1400000US36061015602
1116,1400000US36061015700
1117,1400000US36061015801
1118,1400000US36061015802
1119,1400000US36061015900
1120,1400000US36061016001
1121,1400000US36061016002
1122,1400000US36061016100
1123,1400000US36061016200
1124,1400000US36061016300
1125,1400000US36061016400
1126,1400000US36061016500
1127,1400000US36061016600
1128,1400000US36061016700
1129,1400000US36061016800
1130,1400000US36061016900
1131,1400000US36061017000
1132,1400000US36061017100
1133,1400000US36061017300
1134,1400000US36061017401
1135,1400000US36061017402
1136,1400000US36061017500
1137,1400000US36061017700
1138,1400000US36061017800
1139,1400000US36061017900
1140,1400000US36061018000
1141,1400000US36061018100
1142,1400000US36061018200
1143,1400000US36061018300
1144,1400000US36061018400
1145,1400000US36061018500
1146,1400000US36061018600
1147,1400000US36061018700
1148,1400000US36061018800
1149,1400000US36061018900
1150,1400000US36061019000
1151,1400000US36061019100
1152,1400000US36061019200
1153,1400000US36061019300
1154,1400000US36061019400
1155,1400000US36061019500
1156,1400000US36061019600
1157,1400000US36061019701
1158,1400000US36061019702
1159,1400000US36061019800
1160,1400000US36061019900
1161,1400000US36061020000
1162,1400000US36061020101
1163,1400000US36061020102
1164,1400000US36061020300
1165,1400000US36061020500
1166,1400000US36061020600
1167,1400000US36061020701
1168,1400000US36061020800
1169,1400000US36061020901
1170,1400000US36061021000
1171,1400000US36061021100
1172,1400000US36061021200
1173,1400000US36061021400
1174,1400000US36061021600
1175,1400000US36061021800
1176,1400000US36061021900
1177,1400000US36061022000
1178,1400000US36061022102
1179,1400000US36061022200
1180,1400000US36061022301
1181,1400000US36061022302
1182,1400000US36061022400
1183,1400000US36061022500
1184,1400000US36061022600
1185,1400000US36061022800
1186,1400000US36061022900
1187,1400000US36061023000
1188,1400000US36061023200
1189,1400000US36061023300
1190,1400000US36061023400
1191,1400000US36061023501
1192,1400000US36061023502
1193,1400000US36061023600
1194,1400000US36061023700
1195,1400000US36061023900
1196,1400000US36061024100
1197,1400000US36061024301
1198,1400000US36061024302
1199,1400000US36061024500
1200,1400000US36061024700
1201,1400000US36061024900
1202,1400000US36061025100
1203,1400000US36061025300
1204,1400000US36061025500
1205,1400000US36061026100
1206,1400000US36061026300
1207,1400000US36061026500
1208,1400000US36061026700
1209,1400000US36061026900
1210,1400000US36061027100
1211,1400000US36061027300
1212,1400000US36061027500
1213,1400000US36061027700
1214,1400000US36061027900
1215,1400000US36061028100
1216,1400000US36061028300
1217,1400000US36061028500
1218,1400000US36061028700
1219,1400000US36061029100
1220,1400000US36061029300
1221,1400000US36061029500
1222,1400000US36061030300
1223,1400000US36061030700
1224,1400000US36061030900
1225,1400000US36061031900
1226,1400000US36081000100
1227,1400000US36081000200
1228,1400000US36081000400
1229,1400000US36081000600
1230,1400000US36081000700
1231,1400000US36081000800
1232,1400000US36081001000
1233,1400000US36081001200
1234,1400000US36081001400
1235,1400000US36081001600
1236,1400000US36081001800
1237,1400000US36081001900
1238,1400000US36081002000
1239,1400000US36081002200
1240,1400000US36081002400
1241,1400000US36081002500
1242,1400000US36081002600
1243,1400000US36081002800
1244,1400000US36081003000
1245,1400000US36081003100
1246,1400000US36081003200
1247,1400000US36081003400
1248,1400000US36081003600
1249,1400000US36081003700
1250,1400000US36081003800
1251,1400000US36081003900
1252,1400000US36081004001
1253,1400000US36081004002
1254,1400000US36081004200
1255,1400000US36081004300
1256,1400000US36081004401
1257,1400000US36081004500
1258,1400000US36081004700
1259,1400000US36081005000
1260,1400000US36081005100
1261,1400000US36081005200
1262,1400000US36081005300
1263,1400000US36081005400
1264,1400000US36081005500
1265,1400000US36081005700
1266,1400000US36081005800
1267,1400000US36081005900
1268,1400000US36081006100
1269,1400000US36081006300
1270,1400000US36081006900
1271,1400000US36081007100
1272,1400000US36081007300
1273,1400000US36081007500
1274,1400000US36081007700
1275,1400000US36081007900
1276,1400000US36081008100
1277,1400000US36081008300
1278,1400000US36081008600
1279,1400000US36081008700
1280,1400000US36081008800
1281,1400000US36081009100
1282,1400000US36081009400
1283,1400000US36081009500
1284,1400000US36081009600
1285,1400000US36081009700
1286,1400000US36081009800
1287,1400000US36081010000
1288,1400000US36081010100
1289,1400000US36081010200
1290,1400000US36081010300
1291,1400000US36081010400
1292,1400000US36081010500
1293,1400000US36081010600
1294,1400000US36081010800
1295,1400000US36081011000
1296,1400000US36081011100
1297,1400000US36081011200
1298,1400000US36081011300
1299,1400000US36081011400
1300,1400000US36081011500
1301,1400000US36081011600
1302,1400000US36081011700
1303,1400000US36081011800
1304,1400000US36081011900
1305,1400000US36081012000
1306,1400000US36081012100
1307,1400000US36081012200
1308,1400000US36081012400
1309,1400000US36081012601
1310,1400000US36081012602
1311,1400000US36081012800
1312,1400000US36081013000
1313,1400000US36081013200
1314,1400000US36081013400
1315,1400000US36081013500
1316,1400000US36081013600
1317,1400000US36081013700
1318,1400000US36081013800
1319,1400000US36081014000
1320,1400000US36081014100
1321,1400000US36081014201
1322,1400000US36081014202
1323,1400000US36081014300
1324,1400000US36081014400
1325,1400000US36081014500
1326,1400000US36081014700
1327,1400000US36081014800
1328,1400000US36081014900
1329,1400000US36081015000
1330,1400000US36081015100
1331,1400000US36081015200
1332,1400000US36081015300
1333,1400000US36081015400
1334,1400000US36081015500
1335,1400000US36081015600
1336,1400000US36081015700
1337,1400000US36081015900
1338,1400000US36081016100
1339,1400000US36081016300
1340,1400000US36081016400
1341,1400000US36081016600
1342,1400000US36081016800
1343,1400000US36081016900
1344,1400000US36081017000
1345,1400000US36081017200
1346,1400000US36081017400
1347,1400000US36081017600
1348,1400000US36081017800
1349,1400000US36081017900
1350,1400000US36081018000
1351,1400000US36081018200
1352,1400000US36081018300
1353,1400000US36081018401
1354,1400000US36081018402
1355,1400000US36081018600
1356,1400000US36081018700
1357,1400000US36081018800
1358,1400000US36081018900
1359,1400000US36081019000
1360,1400000US36081019200
1361,1400000US36081019600
1362,1400000US36081019800
1363,1400000US36081020200
1364,1400000US36081020400
1365,1400000US36081020600
1366,1400000US36081020800
1367,1400000US36081021200
1368,1400000US36081021400
1369,1400000US36081021600
1370,1400000US36081021900
1371,1400000US36081022001
1372,1400000US36081022002
1373,1400000US36081023000
1374,1400000US36081023200
1375,1400000US36081023500
1376,1400000US36081023600
1377,1400000US36081023800
1378,1400000US36081024000
1379,1400000US36081024300
1380,1400000US36081024500
1381,1400000US36081024700
1382,1400000US36081024900
1383,1400000US36081025100
1384,1400000US36081025500
1385,1400000US36081025700
1386,1400000US36081025800
1387,1400000US36081025900
1388,1400000US36081026000
1389,1400000US36081026100
1390,1400000US36081026200
1391,1400000US36081026300
1392,1400000US36081026400
1393,1400000US36081026500
1394,1400000US36081026600
1395,1400000US36081026700
1396,1400000US36081027000
1397,1400000US36081027100
1398,1400000US36081027200
1399,1400000US36081027300
1400,1400000US36081027400
1401,1400000US36081027500
1402,1400000US36081027600
1403,1400000US36081027700
1404,1400000US36081027800
1405,1400000US36081027900
1406,1400000US36081028000
1407,1400000US36081028100
1408,1400000US36081028200
1409,1400000US36081028300
1410,1400000US36081028400
1411,1400000US36081028500
1412,1400000US36081028700
1413,1400000US36081028800
1414,1400000US36081028900
1415,1400000US36081029100
1416,1400000US36081029300
1417,1400000US36081029500
1418,1400000US36081029700
1419,1400000US36081030902
1420,1400000US36081031700
1421,1400000US36081032000
1422,1400000US36081032700
1423,1400000US36081032800
1424,1400000US36081032900
1425,1400000US36081033000
1426,1400000US36081033401
1427,1400000US36081033402
1428,1400000US36081033700
1429,1400000US36081033900
1430,1400000US36081034700
1431,1400000US36081035100
1432,1400000US36081035200
1433,1400000US36081035300
1434,1400000US36081035800
1435,1400000US36081036100
1436,1400000US36081036300
1437,1400000US36081036500
1438,1400000US36081036600
1439,1400000US36081036700
1440,1400000US36081036800
1441,1400000US36081037100
1442,1400000US36081037300
1443,1400000US36081037500
1444,1400000US36081037600
1445,1400000US36081037700
1446,1400000US36081037900
1447,1400000US36081038100
1448,1400000US36081038400
1449,1400000US36081039400
1450,1400000US36081039800
1451,1400000US36081039900
1452,1400000US36081040000
1453,1400000US36081040100
1454,1400000US36081040200
1455,1400000US36081040300
1456,1400000US36081040400
1457,1400000US36081040500
1458,1400000US36081040700
1459,1400000US36081040900
1460,1400000US36081041100
1461,1400000US36081041300
1462,1400000US36081041400
1463,1400000US36081041500
1464,1400000US36081042700
1465,1400000US36081043200
1466,1400000US36081043400
1467,1400000US36081043900
1468,1400000US36081044000
1469,1400000US36081044601
1470,1400000US36081044602
1471,1400000US36081044800
1472,1400000US36081045000
1473,1400000US36081045200
1474,1400000US36081045400
1475,1400000US36081045500
1476,1400000US36081045600
1477,1400000US36081045700
1478,1400000US36081045800
1479,1400000US36081045900
1480,1400000US36081046000
1481,1400000US36081046100
1482,1400000US36081046200
1483,1400000US36081046300
1484,1400000US36081046400
1485,1400000US36081046500
1486,1400000US36081046600
1487,1400000US36081046700
1488,1400000US36081046800
1489,1400000US36081046900
1490,1400000US36081047000
1491,1400000US36081047100
1492,1400000US36081047200
1493,1400000US36081047300
1494,1400000US36081047500
1495,1400000US36081047600
1496,1400000US36081047800
1497,1400000US36081047900
1498,1400000US36081048000
1499,1400000US36081048100
1500,1400000US36081048200
1501,1400000US36081048300
1502,1400000US36081048400
1503,1400000US36081048500
1504,1400000US36081048900
1505,1400000US36081049200
1506,1400000US36081049301
1507,1400000US36081049302
1508,1400000US36081049500
1509,1400000US36081049600
1510,1400000US36081049700
1511,1400000US36081049900
1512,1400000US36081050000
1513,1400000US36081050201
1514,1400000US36081050202
1515,1400000US36081050400
1516,1400000US36081050500
1517,1400000US36081050600
1518,1400000US36081050700
1519,1400000US36081050800
1520,1400000US36081051000
1521,1400000US36081051100
1522,1400000US36081051200
1523,1400000US36081051300
1524,1400000US36081051500
1525,1400000US36081051600
1526,1400000US36081051700
1527,1400000US36081051800
1528,1400000US36081052000
1529,1400000US36081052100
1530,1400000US36081052200
1531,1400000US36081052400
1532,1400000US36081052500
1533,1400000US36081052600
1534,1400000US36081052800
1535,1400000US36081053000
1536,1400000US36081053200
1537,1400000US36081053500
1538,1400000US36081053800
1539,1400000US36081053900
1540,1400000US36081054000
1541,1400000US36081054200
1542,1400000US36081054500
1543,1400000US36081054700
1544,1400000US36081054800
1545,1400000US36081054900
1546,1400000US36081055100
1547,1400000US36081055200
1548,1400000US36081055300
1549,1400000US36081055400
1550,1400000US36081055500
1551,1400000US36081055600
1552,1400000US36081055700
1553,1400000US36081055800
1554,1400000US36081055900
1555,1400000US36081056000
1556,1400000US36081056200
1557,1400000US36081056400
1558,1400000US36081056500
1559,1400000US36081056600
1560,1400000US36081056700
1561,1400000US36081056800
1562,1400000US36081057700
1563,1400000US36081057900
1564,1400000US36081058000
1565,1400000US36081058100
1566,1400000US36081058300
1567,1400000US36081058500
1568,1400000US36081058700
1569,1400000US36081058900
1570,1400000US36081059000
1571,1400000US36081059100
1572,1400000US36081059200
1573,1400000US36081059300
1574,1400000US36081059400
1575,1400000US36081059500
1576,1400000US36081059600
1577,1400000US36081059800
1578,1400000US36081059900
1579,1400000US36081060000
1580,1400000US36081060100
1581,1400000US36081060300
1582,1400000US36081060600
1583,1400000US36081060800
1584,1400000US36081061000
1585,1400000US36081061200
1586,1400000US36081061400
1587,1400000US36081061601
1588,1400000US36081061602
1589,1400000US36081061800
1590,1400000US36081061900
1591,1400000US36081062000
1592,1400000US36081062100
1593,1400000US36081062300
1594,1400000US36081062400
1595,1400000US36081062500
1596,1400000US36081062600
1597,1400000US36081062700
1598,1400000US36081062900
1599,1400000US36081063000
1600,1400000US36081063200
1601,1400000US36081063301
1602,1400000US36081063302
1603,1400000US36081063500
1604,1400000US36081063700
1605,1400000US36081063800
1606,1400000US36081063900
1607,1400000US36081064101
1608,1400000US36081064102
1609,1400000US36081064500
1610,1400000US36081064600
1611,1400000US36081065000
1612,1400000US36081065400
1613,1400000US36081065600
1614,1400000US36081065702
1615,1400000US36081065900
1616,1400000US36081066000
1617,1400000US36081066100
1618,1400000US36081066300
1619,1400000US36081066400
1620,1400000US36081066900
1621,1400000US36081067700
1622,1400000US36081067900
1623,1400000US36081068000
1624,1400000US36081068200
1625,1400000US36081068300
1626,1400000US36081068700
1627,1400000US36081069000
1628,1400000US36081069300
1629,1400000US36081069400
1630,1400000US36081069500
1631,1400000US36081069701
1632,1400000US36081069702
1633,1400000US36081070300
1634,1400000US36081070700
1635,1400000US36081070900
1636,1400000US36081071100
1637,1400000US36081071600
1638,1400000US36081071900
1639,1400000US36081072100
1640,1400000US36081072900
1641,1400000US36081073100
1642,1400000US36081073700
1643,1400000US36081073900
1644,1400000US36081074100
1645,1400000US36081074300
1646,1400000US36081074500
1647,1400000US36081074700
1648,1400000US36081076901
1649,1400000US36081076902
1650,1400000US36081077300
1651,1400000US36081077500
1652,1400000US36081077902
1653,1400000US36081077903
1654,1400000US36081077904
1655,1400000US36081077905
1656,1400000US36081078800
1657,1400000US36081079000
1658,1400000US36081079200
1659,1400000US36081079900
1660,1400000US36081080301
1661,1400000US36081080302
1662,1400000US36081080900
1663,1400000US36081081400
1664,1400000US36081081800
1665,1400000US36081083700
1666,1400000US36081083800
1667,1400000US36081084000
1668,1400000US36081084500
1669,1400000US36081084601
1670,1400000US36081084602
1671,1400000US36081085300
1672,1400000US36081085500
1673,1400000US36081085700
1674,1400000US36081085900
1675,1400000US36081086100
1676,1400000US36081086300
1677,1400000US36081086400
1678,1400000US36081086500
1679,1400000US36081087100
1680,1400000US36081088400
1681,1400000US36081088901
1682,1400000US36081089200
1683,1400000US36081090700
1684,1400000US36081091601
1685,1400000US36081091800
1686,1400000US36081091900
1687,1400000US36081092200
1688,1400000US36081092500
1689,1400000US36081092800
1690,1400000US36081092900
1691,1400000US36081093800
1692,1400000US36081093900
1693,1400000US36081094201
1694,1400000US36081094202
1695,1400000US36081094203
1696,1400000US36081094500
1697,1400000US36081094700
1698,1400000US36081096400
1699,1400000US36081097202
1700,1400000US36081097300
1701,1400000US36081098100
1702,1400000US36081098700
1703,1400000US36081099100
1704,1400000US36081099200
1705,1400000US36081099701
1706,1400000US36081101001
1707,1400000US36081101002
1708,1400000US36081101700
1709,1400000US36081102900
1710,1400000US36081103201
1711,1400000US36081103202
1712,1400000US36081103300
1713,1400000US36081103900
1714,1400000US36081104700
1715,1400000US36081105900
1716,1400000US36081107201
1717,1400000US36081109700
1718,1400000US36081109900
1719,1400000US36081111300
1720,1400000US36081112300
1721,1400000US36081112900
1722,1400000US36081113300
1723,1400000US36081113900
1724,1400000US36081114100
1725,1400000US36081114700
1726,1400000US36081115100
1727,1400000US36081115500
1728,1400000US36081115700
1729,1400000US36081115900
1730,1400000US36081116100
1731,1400000US36081116300
1732,1400000US36081116700
1733,1400000US36081117100
1734,1400000US36081117500
1735,1400000US36081118100
1736,1400000US36081118500
1737,1400000US36081118700
1738,1400000US36081118900
1739,1400000US36081119100
1740,1400000US36081119300
1741,1400000US36081119500
1742,1400000US36081119900
1743,1400000US36081120100
1744,1400000US36081120300
1745,1400000US36081120500
1746,1400000US36081120700
1747,1400000US36081121500
1748,1400000US36081122300
1749,1400000US36081122701
1750,1400000US36081122702
1751,1400000US36081124100
1752,1400000US36081124700
1753,1400000US36081125700
1754,1400000US36081126500
1755,1400000US36081126700
1756,1400000US36081128300
1757,1400000US36081129102
1758,1400000US36081130100
1759,1400000US36081133300
1760,1400000US36081133900
1761,1400000US36081134100
1762,1400000US36081134700
1763,1400000US36081136700
1764,1400000US36081137700
1765,1400000US36081138501
1766,1400000US36081139900
1767,1400000US36081140300
1768,1400000US36081140901
1769,1400000US36081140902
1770,1400000US36081142900
1771,1400000US36081143500
1772,1400000US36081144100
1773,1400000US36081144700
1774,1400000US36081145101
1775,1400000US36081145102
1776,1400000US36081145900
1777,1400000US36081146300
1778,1400000US36081146700
1779,1400000US36081147100
1780,1400000US36081147900
1781,1400000US36081148300
1782,1400000US36081150701
1783,1400000US36081150702
1784,1400000US36081152901
1785,1400000US36081152902
1786,1400000US36081155101
1787,1400000US36081155102
1788,1400000US36081156700
1789,1400000US36081157101
1790,1400000US36081157102
1791,1400000US36081157901
1792,1400000US36081157902
1793,1400000US36081157903
1794,1400000US36081161700
1795,1400000US36081162100
1796,1400000US36085000300
1797,1400000US36085000600
1798,1400000US36085000700
1799,1400000US36085000800
1800,1400000US36085000900
1801,1400000US36085001100
1802,1400000US36085001700
1803,1400000US36085001800
1804,1400000US36085002001
1805,1400000US36085002002
1806,1400000US36085002100
1807,1400000US36085002700
1808,1400000US36085002900
1809,1400000US36085003300
1810,1400000US36085003600
1811,1400000US36085003900
1812,1400000US36085004000
1813,1400000US36085004700
1814,1400000US36085005000
1815,1400000US36085005900
1816,1400000US36085006400
1817,1400000US36085007000
1818,1400000US36085007400
1819,1400000US36085007500
1820,1400000US36085007700
1821,1400000US36085008100
1822,1400000US36085009601
1823,1400000US36085009602
1824,1400000US36085009700
1825,1400000US36085010500
1826,1400000US36085011201
1827,1400000US36085011202
1828,1400000US36085011401
1829,1400000US36085011402
1830,1400000US36085012100
1831,1400000US36085012200
1832,1400000US36085012500
1833,1400000US36085012804
1834,1400000US36085013201
1835,1400000US36085013203
1836,1400000US36085013204
1837,1400000US36085013301
1838,1400000US36085013302
1839,1400000US36085013400
1840,1400000US36085013800
1841,1400000US36085014100
1842,1400000US36085014604
1843,1400000US36085014605
1844,1400000US36085014606
1845,1400000US36085014700
1846,1400000US36085015100
1847,1400000US36085015601
1848,1400000US36085015602
1849,1400000US36085015603
1850,1400000US36085016901
1851,1400000US36085017005
1852,1400000US36085017007
1853,1400000US36085017008
1854,1400000US36085017009
1855,1400000US36085017010
1856,1400000US36085017300
1857,1400000US36085017600
1858,1400000US36085017700
1859,1400000US36085018701
1860,1400000US36085018702
1861,1400000US36085018901
1862,1400000US36085018902
1863,1400000US36085019700
1864,1400000US36085020100
1865,1400000US36085020700
1866,1400000US36085020801
1867,1400000US36085020803
1868,1400000US36085020804
1869,1400000US36085021300
1870,1400000US36085022300
1871,1400000US36085022600
1872,1400000US36085023100
1873,1400000US36085023900
1874,1400000US36085024700
1875,1400000US36085024800
1876,1400000US36085025100
1877,1400000US36085027301
1878,1400000US36085027302
1879,1400000US36085027702
1880,1400000US36085027704
1881,1400000US36085027900
1882,1400000US36085029102
1883,1400000US36085029103
1884,1400000US36085029104
1885,1400000US36085030301
1886,1400000US36085030302
1887,1400000US36085031901
1888,1400000US36085031902
1889,1400000US36085032300
